{
  "wbc": {
    "mean": 7.221342318716839,
    "std": 2.423230287280239,
    "median": 6.9,
    "p1": 3.4,
    "p99": 13.8,
    "n_non_null": 32794
  },
  "rbc": {
    "mean": 4.6731510901052,
    "std": 0.5089231991775505,
    "median": 4.66,
    "p1": 3.49,
    "p99": 5.89,
    "n_non_null": 32795
  },
  "hb_gdl": {
    "mean": 14.02117700869035,
    "std": 1.5492378475823363,
    "median": 14.1,
    "p1": 9.894,
    "p99": 17.3,
    "n_non_null": 32795
  },
  "hct": {
    "mean": 41.42803781064187,
    "std": 4.294483219250235,
    "median": 41.5,
    "p1": 30.294,
    "p99": 50.8,
    "n_non_null": 32795
  },
  "mcv": {
    "mean": 88.90199725567922,
    "std": 5.928081611119051,
    "median": 89.4,
    "p1": 69.094,
    "p99": 101.40600000000013,
    "n_non_null": 32795
  },
  "mch": {
    "mean": 30.08652233572191,
    "std": 2.4326361365147884,
    "median": 30.3,
    "p1": 21.7,
    "p99": 34.9,
    "n_non_null": 32795
  },
  "mchc": {
    "mean": 33.82146276028169,
    "std": 1.0454960051824638,
    "median": 33.8,
    "p1": 31.2,
    "p99": 36.1,
    "n_non_null": 32801
  },
  "rdw": {
    "mean": 13.414078365604515,
    "std": 1.393541305745131,
    "median": 13.2,
    "p1": 11.4,
    "p99": 18.7,
    "n_non_null": 32795
  },
  "plt": {
    "mean": 249.6262844945876,
    "std": 66.58868011006956,
    "median": 242.0,
    "p1": 119.0,
    "p99": 444.0,
    "n_non_null": 32795
  },
  "mpv": {
    "mean": 8.190480256136608,
    "std": 0.9308039128255864,
    "median": 8.1,
    "p1": 6.394,
    "p99": 10.7,
    "n_non_null": 32795
  },
  "neut_pct": {
    "mean": 57.96816224305916,
    "std": 9.676438602574196,
    "median": 58.4,
    "p1": 33.2,
    "p99": 79.1,
    "n_non_null": 32741
  },
  "lymph_pct": {
    "mean": 30.562041477047128,
    "std": 8.735602283505102,
    "median": 30.0,
    "p1": 12.140000000000002,
    "p99": 53.6,
    "n_non_null": 32741
  },
  "mono_pct": {
    "mean": 7.9678384899667085,
    "std": 2.3076262898847166,
    "median": 7.8,
    "p1": 3.5,
    "p99": 14.6,
    "n_non_null": 32741
  },
  "eos_pct": {
    "mean": 2.8281390305732876,
    "std": 2.1441933742932915,
    "median": 2.3,
    "p1": 0.3,
    "p99": 10.6,
    "n_non_null": 32741
  },
  "baso_pct": {
    "mean": 0.7474512079655478,
    "std": 0.4655321835348021,
    "median": 0.7,
    "p1": 5.397605346934028e-79,
    "p99": 2.5,
    "n_non_null": 32741
  },
  "glucose_fasting": {
    "mean": 108.99210984095427,
    "std": 35.52631129922363,
    "median": 100.0,
    "p1": 75.0,
    "p99": 285.0,
    "n_non_null": 16096
  },
  "hba1c_pct": {
    "mean": 5.738489724877095,
    "std": 1.0761124510297615,
    "median": 5.5,
    "p1": 4.5,
    "p99": 10.9,
    "n_non_null": 32749
  },
  "creatinine_mgdl": {
    "mean": 0.9000678852801046,
    "std": 0.4515452228915821,
    "median": 0.84,
    "p1": 0.46,
    "p99": 1.92880000000001,
    "n_non_null": 32113
  },
  "bun_mgdl": {
    "mean": 13.735403107775667,
    "std": 5.978267609752278,
    "median": 13.0,
    "p1": 5.0,
    "p99": 35.0,
    "n_non_null": 32113
  },
  "uric_acid_mgdl": {
    "mean": 5.380704431503223,
    "std": 1.4403826231534835,
    "median": 5.3,
    "p1": 2.6,
    "p99": 9.3,
    "n_non_null": 32111
  },
  "alt_ul": {
    "mean": 24.289203606076676,
    "std": 19.474055191406734,
    "median": 20.0,
    "p1": 8.0,
    "p99": 96.0,
    "n_non_null": 32057
  },
  "ast_ul": {
    "mean": 24.79782018050654,
    "std": 16.770766898275586,
    "median": 22.0,
    "p1": 12.0,
    "p99": 77.0,
    "n_non_null": 32021
  },
  "alp_ul": {
    "mean": 72.8740307059886,
    "std": 26.195182536294748,
    "median": 69.0,
    "p1": 33.0,
    "p99": 153.0,
    "n_non_null": 32111
  },
  "ggt_ul": {
    "mean": 29.354001868576766,
    "std": 46.23298698926698,
    "median": 20.0,
    "p1": 6.0,
    "p99": 181.90999999999985,
    "n_non_null": 32110
  },
  "albumin_gdl": {
    "mean": 4.194583411113185,
    "std": 0.36687992958398774,
    "median": 4.2,
    "p1": 3.1,
    "p99": 5.0,
    "n_non_null": 32142
  },
  "protein_total_gdl": {
    "mean": 7.154025852670924,
    "std": 0.4725535105027881,
    "median": 7.1,
    "p1": 6.0,
    "p99": 8.3,
    "n_non_null": 32105
  },
  "bilirubin_total": {
    "mean": 0.6259137640974516,
    "std": 0.33059918870950294,
    "median": 0.6,
    "p1": 0.1,
    "p99": 1.7,
    "n_non_null": 32098
  },
  "sodium_mmoll": {
    "mean": 139.42760251384482,
    "std": 2.434193680081404,
    "median": 139.0,
    "p1": 133.0,
    "p99": 145.0,
    "n_non_null": 32142
  },
  "potassium_mmoll": {
    "mean": 4.0031680792720925,
    "std": 0.34755917839512046,
    "median": 4.0,
    "p1": 3.2,
    "p99": 5.0,
    "n_non_null": 32092
  },
  "chloride_mmoll": {
    "mean": 103.12328600784608,
    "std": 3.0996089875241406,
    "median": 103.0,
    "p1": 95.0,
    "p99": 110.0,
    "n_non_null": 32118
  },
  "bicarbonate_mmoll": {
    "mean": 24.99762981443942,
    "std": 2.335478634008343,
    "median": 25.0,
    "p1": 19.0,
    "p99": 30.0,
    "n_non_null": 32065
  },
  "calcium_mgdl": {
    "mean": 9.394376634699215,
    "std": 0.3752146895010857,
    "median": 9.4,
    "p1": 8.5,
    "p99": 10.4,
    "n_non_null": 32116
  },
  "phosphorus_mgdl": {
    "mean": 3.7067775493677195,
    "std": 0.5676544637882829,
    "median": 3.7,
    "p1": 2.5,
    "p99": 5.1,
    "n_non_null": 32106
  },
  "tchol_mgdl": {
    "mean": 190.46118070197198,
    "std": 41.924787846588856,
    "median": 187.0,
    "p1": 108.0,
    "p99": 307.0,
    "n_non_null": 32252
  },
  "hdl_mgdl": {
    "mean": 53.34717226838646,
    "std": 15.950896823953666,
    "median": 51.0,
    "p1": 26.0,
    "p99": 101.0,
    "n_non_null": 32252
  },
  "trigly_mgdl": {
    "mean": 123.59068219633943,
    "std": 104.57204132803238,
    "median": 100.0,
    "p1": 28.0,
    "p99": 472.78000000000065,
    "n_non_null": 13823
  },
  "hs_crp": {
    "mean": 2.1457310964083174,
    "std": 6.203094282694035,
    "median": 0.53,
    "p1": 0.01,
    "p99": 24.21739999999998,
    "n_non_null": 21160
  },
  "ferritin_ngml": {
    "mean": 109.40512641594924,
    "std": 158.75014512213968,
    "median": 63.0,
    "p1": 4.0,
    "p99": 696.0,
    "n_non_null": 11035
  },
  "vit_d_total": {
    "mean": 68.89734914080191,
    "std": 31.915314690643807,
    "median": 64.8,
    "p1": 17.9,
    "p99": 171.0,
    "n_non_null": 15014
  },
  "age_years": {
    "mean": 48.53955214798588,
    "std": 18.69654901547368,
    "median": 48.0,
    "p1": 18.0,
    "p99": 80.0,
    "n_non_null": 32868
  },
  "sex": {
    "mean": 0.5182244181632996,
    "std": 0.49967536330223083,
    "median": 1.0,
    "p1": 0.0,
    "p99": 1.0,
    "n_non_null": 32868
  },
  "bmi": {
    "mean": 29.185435989146523,
    "std": 7.063597763085939,
    "median": 28.0,
    "p1": 17.8,
    "p99": 51.8482999999999,
    "n_non_null": 32432
  },
  "waist_cm": {
    "mean": 99.12300870841176,
    "std": 16.673117692063165,
    "median": 97.9,
    "p1": 68.3,
    "p99": 145.65200000000004,
    "n_non_null": 31349
  },
  "sbp": {
    "mean": 123.64093203677133,
    "std": 18.39385277040889,
    "median": 120.66666666666667,
    "p1": 92.0,
    "p99": 180.16666666666666,
    "n_non_null": 31365
  },
  "dbp": {
    "mean": 70.30929273606462,
    "std": 12.633746132482534,
    "median": 70.66666666666667,
    "p1": 36.666666666666664,
    "p99": 100.66666666666667,
    "n_non_null": 31365
  },
  "pulse": {
    "mean": 72.35212048763678,
    "std": 12.178399062360889,
    "median": 72.0,
    "p1": 48.333333333333336,
    "p99": 105.66666666666667,
    "n_non_null": 30952
  },
  "income_ratio": {
    "mean": 2.5474495332457114,
    "std": 1.6415200092726288,
    "median": 2.17,
    "p1": 0.02,
    "p99": 5.0,
    "n_non_null": 29673
  },
  "edu_level": {
    "mean": 3.466222736923374,
    "std": 1.2620343505893736,
    "median": 4.0,
    "p1": 1.0,
    "p99": 5.0,
    "n_non_null": 31086
  },
  "metsyn_criteria_count": {
    "mean": 1.6670317634173055,
    "std": 1.248627757064685,