{
  "summary": {
    "n_train": 41924,
    "n_val": 8984,
    "n_test": 8984,
    "n_features": 46,
    "n_targets": 6,
    "best_epoch": 5,
    "n_epochs_trained": 10
  },
  "rows": [
    {
      "target": "told_htn",
      "label_ua": "Гіпертонія",
      "label_en": "Hypertension",
      "auc": 0.8422304549592118,
      "auc_ci_lo": 0.8344974643546926,
      "auc_ci_hi": 0.8505238416525785,
      "auprc": 0.7319244348381735,
      "n_test": 8953,
      "n_pos": 3116,
      "prevalence": 0.3480397632078633,
      "ece": 0.06397084125309208,
      "brier": 0.15664656460285187,
      "threshold_youden": 0.4599999999999999,
      "sens": 0.7840179717586649,
      "spec": 0.7526126434812404,
      "ppv": 0.6285052739902238,
      "npv": 0.8671535728385313,
      "baseline_name": "Framingham HTN risk",
      "baseline_auc": 0.72,
      "lift_over_baseline": 0.12223045495921181
    },
    {
      "target": "told_diabetes",
      "label_ua": "Діабет",
      "label_en": "Diabetes",
      "auc": 0.97213763558256,
      "auc_ci_lo": 0.96670622996012,
      "auc_ci_hi": 0.9768317952035839,
      "auprc": 0.9268230369469459,
      "n_test": 8773,
      "n_pos": 1365,
      "prevalence": 0.1555910178958167,
      "ece": 0.07713014618392236,
      "brier": 0.05016687139868736,
      "threshold_youden": 0.38999999999999996,
      "sens": 0.9128205128205128,
      "spec": 0.9249460043196545,
      "ppv": 0.6914539400665927,
      "npv": 0.9829292784392483,
      "baseline_name": "ADA risk score",
      "baseline_auc": 0.78,
      "lift_over_baseline": 0.19213763558255992
    },
    {
      "target": "told_high_chol",
      "label_ua": "Гіперхолестеринемія",
      "label_en": "High cholesterol",
      "auc": 0.7687002682966166,
      "auc_ci_lo": 0.7587320794300154,
      "auc_ci_hi": 0.7794864962880058,
      "auprc": 0.627750685431929,
      "n_test": 7594,
      "n_pos": 2888,
      "prevalence": 0.3803002370292336,
      "ece": 0.08464888877595667,
      "brier": 0.1951625943183899,
      "threshold_youden": 0.5199999999999999,
      "sens": 0.7635041551246537,
      "spec": 0.651508712282193,
      "ppv": 0.5734720416124838,
      "npv": 0.8178180848226194,
      "baseline_name": "ATP-III estimator",
      "baseline_auc": 0.69,
      "lift_over_baseline": 0.0787002682966167
    },
    {
      "target": "told_chd",
      "label_ua": "ІХС",
      "label_en": "CHD",
      "auc": 0.8698984844938485,
      "auc_ci_lo": 0.8541355114474446,
      "auc_ci_hi": 0.8859478245247522,
      "auprc": 0.25253809130117305,
      "n_test": 8779,
      "n_pos": 372,
      "prevalence": 0.04237384667957626,
      "ece": 0.2608379193544829,
      "brier": 0.15009431540966034,
      "threshold_youden": 0.49999999999999994,
      "sens": 0.8225806451612904,
      "spec": 0.7659093612465803,
      "ppv": 0.1345646437994723,
      "npv": 0.9898539584934666,
      "baseline_name": "Framingham CHD",
      "baseline_auc": 0.74,
      "lift_over_baseline": 0.12989848449384855
    },
    {
      "target": "told_chf",
      "label_ua": "СН",
      "label_en": "CHF",
      "auc": 0.8690639990005293,
      "auc_ci_lo": 0.8491304950116084,
      "auc_ci_hi": 0.8877086148970368,
      "auprc": 0.23883693410093548,
      "n_test": 8794,
      "n_pos": 286,
      "prevalence": 0.03252217420968843,
      "ece": 0.2941567423023336,
      "brier": 0.16259704530239105,
      "threshold_youden": 0.4499999999999999,
      "sens": 0.8881118881118881,
      "spec": 0.7005171603196991,
      "ppv": 0.09064953604568166,
      "npv": 0.9946595460614153,
      "baseline_name": "ARIC HF score",
      "baseline_auc": 0.78,
      "lift_over_baseline": 0.0890639990005293
    },
    {
      "target": "told_stroke",
      "label_ua": "Інсульт",
      "label_en": "Stroke",
      "auc": 0.7902952234469793,
      "auc_ci_lo": 0.7682579893131252,
      "auc_ci_hi": 0.8118111842966429,
      "auprc": 0.13966515769980287,
      "n_test": 8792,
      "n_pos": 332,
      "prevalence": 0.03776160145586897,
      "ece": 0.32796815671009755,
      "brier": 0.1962004005908966,
      "threshold_youden": 0.57,
      "sens": 0.7319277108433735,
      "spec": 0.7151300236406619,
      "ppv": 0.09159442140972485,
      "npv": 0.9855025248411794,
      "baseline_name": "ASCVD-Pooled",
      "baseline_auc": 0.74,
      "lift_over_baseline": 0.05029522344697934
    }
  ]
}