{
  "model_summary": {
    "n_train": 32868,
    "n_val": 7044,
    "n_test": 7044,
    "n_features": 57,
    "n_targets": 7,
    "best_epoch": 2,
    "n_epochs_trained": 7,
    "mean_test_auc": 0.6672532253744144,
    "v2_new_features": [
      "income_ratio",
      "edu_level",
      "metsyn_criteria_count",
      "arm_circ_cm",
      "iron_chem_ugdl",
      "non_hdl_mgdl",
      "fib4",
      "globulin_gdl",
      "egfr_ckd_epi_2021",
      "homa_ir",
      "sedentary_min_day"
    ],
    "v2_new_targets": [
      "snore_high",
      "trouble_sleeping_high"
    ],
    "temperatures": [
      0.8912737965583801,
      1.1202486753463745,
      1.0020095109939575,
      1.1032068729400635,
      1.080615758895874,
      1.0380516052246094,
      0.7841652035713196
    ]
  },
  "rows": [
    {
      "target": "depression_moderate",
      "label_ua": "Депресія (помірна)",
      "label_en": "Depression (moderate)",
      "is_v2_new": false,
      "auc": 0.6859672056871217,
      "auprc": 0.1839614346422358,
      "brier_raw": 0.23084934055805206,
      "n_test": 6525,
      "n_pos": 644,
      "prevalence": 0.09869731800766283,
      "ece_temp": 0.37550349742059963,
      "ece_iso": 0.01641343989705674,
      "brier_temp": 0.23084934055805206,
      "brier_iso": 0.08620674908161163,
      "ece_improvement_pct": 95.62895152513796
    },
    {
      "target": "depression_severe",
      "label_ua": "Депресія (важка)",
      "label_en": "Depression (severe)",
      "is_v2_new": false,
      "auc": 0.7153209313172523,
      "auprc": 0.08520053850146399,
      "brier_raw": 0.24799790978431702,
      "n_test": 6525,
      "n_pos": 243,
      "prevalence": 0.037241379310344824,
      "ece_temp": 0.44324611587999424,
      "ece_iso": 0.007131283647484249,
      "brier_temp": 0.24799790978431702,
      "brier_iso": 0.0351654589176178,
      "ece_improvement_pct": 98.39112326267627
    },
    {
      "target": "sleep_deficiency",
      "label_ua": "Дефіцит сну",
      "label_en": "Sleep deficiency",
      "is_v2_new": false,
      "auc": 0.6250081214386936,
      "auprc": 0.19556719690289093,
      "brier_raw": 0.2418700009584427,
      "n_test": 7032,
      "n_pos": 919,
      "prevalence": 0.13068828213879408,
      "ece_temp": 0.3574167010888237,
      "ece_iso": 0.0034519792115898533,
      "brier_temp": 0.2418700009584427,
      "brier_iso": 0.11152750253677368,
      "ece_improvement_pct": 99.03418637095753
    },
    {
      "target": "daytime_dysfunction",
      "label_ua": "Денна дисфункція",
      "label_en": "Daytime dysfunction",
      "is_v2_new": false,
      "auc": 0.6380036520240054,
      "auprc": 0.34644049115934505,
      "brier_raw": 0.24405230581760406,
      "n_test": 3726,
      "n_pos": 862,
      "prevalence": 0.2313472893183038,
      "ece_temp": 0.2706754406533187,
      "ece_iso": 0.011679531959391896,
      "brier_temp": 0.24405230581760406,
      "brier_iso": 0.17068253457546234,
      "ece_improvement_pct": 95.68504186002191
    },
    {
      "target": "suicidal_ideation",
      "label_ua": "Суїцидальні думки",
      "label_en": "Suicidal ideation",
      "is_v2_new": false,
      "auc": 0.6473167500835675,
      "auprc": 0.07153517076380533,
      "brier_raw": 0.24507106840610504,
      "n_test": 6520,
      "n_pos": 284,
      "prevalence": 0.043558282208588955,
      "ece_temp": 0.4438011904847036,
      "ece_iso": 0.00860760427234363,
      "brier_temp": 0.24507106840610504,
      "brier_iso": 0.04142768308520317,
      "ece_improvement_pct": 98.06048193269993
    },
    {
      "target": "snore_high",
      "label_ua": "Хропіння/апное (v2)",
      "label_en": "Snoring / apnea (v2)",
      "is_v2_new": true,
      "auc": 0.695562254627033,
      "auprc": 0.6411433898628951,
      "brier_raw": 0.2225666046142578,
      "n_test": 3383,
      "n_pos": 1600,
      "prevalence": 0.4729530002955956,
      "ece_temp": 0.04270637430473083,
      "ece_iso": 0.026966886463300595,
      "brier_temp": 0.2225666046142578,
      "brier_iso": 0.22286374866962433,
      "ece_improvement_pct": 36.85512548810935
    },
    {
      "target": "trouble_sleeping_high",
      "label_ua": "Проблеми зі сном (v2)",
      "label_en": "Insomnia (v2)",
      "is_v2_new": true,
      "auc": 0.6635936624432278,
      "auprc": 0.38357573420081437,
      "brier_raw": 0.22081616520881653,
      "n_test": 6272,
      "n_pos": 1556,
      "prevalence": 0.24808673469387754,
      "ece_temp": 0.21284989928422798,
      "ece_iso": 0.006789425368971971,
      "brier_temp": 0.22081616520881653,
      "brier_iso": 0.17533990740776062,
      "ece_improvement_pct": 96.81022852639185
    }
  ]
}